{"confusion_matrix": [[163968, 913, 1700], [5962, 72791, 1095], [10817, 143, 37413]], "accuracy": 0.9300208275384835, "precision": 0.9322652443228682, "recall": 0.9300208275384835, "f1_score": 0.9286746191384303}